class_name,group,split,image_count,object_count,objects_per_image,area_mean,area_median,area_q1,area_q3,width_median,height_median,aspect_ratio_median,small_percent,medium_percent,large_percent,boundary_touch_percent,multi_object_image_percent,objects_in_1_percent,objects_in_2_3_percent,objects_in_4plus_percent,shift_flags
Panda,weak_confused,train,70,81,1.1571428571428573,0.49824422200520824,0.53533935546875,0.36793762207031255,0.63161865234375,0.66796875,0.78984375,0.9140401146131805,12.345679012345679,18.51851851851852,69.1358024691358,28.395061728395063,7.142857142857143,80.24691358024691,7.407407407407407,12.345679012345679,
Panda,weak_confused,valid,15,36,2.4,0.2680121358235677,0.09372100830078126,0.012168121337890626,0.5453901672363282,0.32890625,0.26289062500000004,1.2941052631578946,50.0,16.666666666666668,33.333333333333336,16.666666666666668,33.333333333333336,27.77777777777778,25.0,47.22222222222222,
Panda,weak_confused,combined,85,117,1.3764705882352941,0.4274035801031651,0.4690045166015625,0.12852539062499999,0.6120886230468751,0.61484375,0.7421875,0.97534516765286,23.931623931623932,17.94871794871795,58.11965811965812,24.786324786324787,11.764705882352942,64.1025641025641,12.820512820512821,23.076923076923077,median_area_abs_delta_ge_0.10;small_object_share_delta_ge_15pp;boundary_touch_delta_ge_10pp;multi_object_image_delta_ge_20pp;median_aspect_ratio_relative_delta_ge_35pct
Monkeys,weak_confused,train,70,91,1.3,0.3748025613302713,0.363482666015625,0.20001495361328125,0.5379000854492186,0.49609375,0.67109375,0.7929465301478953,7.6923076923076925,51.64835164835165,40.65934065934066,29.67032967032967,17.142857142857142,63.73626373626374,29.67032967032967,6.593406593406593,
Monkeys,weak_confused,valid,15,19,1.2666666666666666,0.4407029643811677,0.35926940917968747,0.19699615478515625,0.65360595703125,0.46875,0.7234375,0.814873417721519,0.0,52.63157894736842,47.36842105263158,36.8421052631579,13.333333333333334,68.42105263157895,10.526315789473685,21.05263157894737,
Monkeys,weak_confused,combined,85,110,1.2941176470588236,0.3861853582208808,0.36137603759765624,0.198345947265625,0.5558279418945313,0.494140625,0.69375,0.7982037965943432,6.363636363636363,51.81818181818182,41.81818181818182,30.90909090909091,16.470588235294116,64.54545454545455,26.363636363636363,9.090909090909092,
Gorilla,weak_confused,train,70,84,1.2,0.4863008190336681,0.516256103515625,0.22329162597656252,0.7021902465820313,0.6109375,0.787109375,0.8258692626162505,8.333333333333334,33.333333333333336,58.333333333333336,42.857142857142854,14.285714285714286,71.42857142857143,22.61904761904762,5.9523809523809526,
Gorilla,weak_confused,valid,15,17,1.1333333333333333,0.5147428983800553,0.537923583984375,0.2798712158203125,0.6896044921875001,0.634375,0.8015625,0.8763040238450075,5.882352941176471,29.41176470588235,64.70588235294117,47.05882352941177,13.333333333333334,76.47058823529412,23.529411764705884,0.0,
Gorilla,weak_confused,combined,85,101,1.188235294117647,0.49108809971573336,0.52301025390625,0.24081298828124997,0.7013763427734375,0.61328125,0.79296875,0.8369781312127237,7.920792079207921,32.67326732673267,59.40594059405941,43.56435643564357,14.117647058823529,72.27722772277228,22.77227722772277,4.9504950495049505,
Goat,weak_confused,train,70,101,1.4428571428571428,0.3133029023727568,0.2851251220703125,0.113017578125,0.45539794921875,0.46796875,0.58671875,0.8660714285714286,19.801980198019802,48.51485148514851,31.683168316831683,33.663366336633665,27.142857142857142,50.495049504950494,35.64356435643565,13.861386138613861,
Goat,weak_confused,valid,15,22,1.4666666666666666,0.3479809292879972,0.23202453613281251,0.050950927734375005,0.5962705993652344,0.411328125,0.566015625,0.802135747180099,40.90909090909091,22.727272727272727,36.36363636363637,22.727272727272727,26.666666666666668,50.0,31.818181818181817,18.181818181818183,
Goat,weak_confused,combined,85,123,1.4470588235294117,0.31950547629255593,0.26904296875,0.109442138671875,0.47994781494140626,0.46328125,0.58671875,0.8386206896551723,23.577235772357724,43.90243902439025,32.520325203252035,31.70731707317073,27.058823529411764,50.40650406504065,34.959349593495936,14.634146341463415,small_object_share_delta_ge_15pp;boundary_touch_delta_ge_10pp
Camel,weak_confused,train,70,100,1.4285714285714286,0.30255836791992186,0.25235595703125,0.07694061279296875,0.47698760986328126,0.50390625,0.48984375,0.8697328359596523,31.0,36.0,33.0,40.0,28.571428571428573,50.0,37.0,13.0,
Camel,weak_confused,valid,15,20,1.3333333333333333,0.40388656616210933,0.4409423828125,0.2784136962890625,0.5374644470214844,0.600390625,0.6671875,0.8203736596276561,10.0,35.0,55.0,65.0,20.0,60.0,20.0,20.0,
Camel,weak_confused,combined,85,120,1.411764705882353,0.3194464009602865,0.298302001953125,0.09497283935546877,0.5015222167968749,0.5171875,0.5203125,0.8487146246918884,27.5,35.833333333333336,36.666666666666664,44.166666666666664,27.058823529411764,51.666666666666664,34.166666666666664,14.166666666666666,median_area_abs_delta_ge_0.10;small_object_share_delta_ge_15pp;boundary_touch_delta_ge_10pp
Dog,strong_reference,train,70,83,1.1857142857142857,0.5045751879588667,0.4727001953125,0.30417724609374996,0.7156173706054687,0.57734375,0.86328125,0.7130681818181818,7.228915662650603,31.325301204819276,61.44578313253012,46.98795180722892,8.571428571428571,77.10843373493977,9.63855421686747,13.25301204819277,
Dog,strong_reference,valid,15,17,1.1333333333333333,0.49044333065257345,0.5073046875,0.29148437499999996,0.6486328125,0.62890625,0.859375,0.737785016286645,0.0,41.1764705882353,58.8235294117647,47.05882352941177,13.333333333333334,76.47058823529412,23.529411764705884,0.0,
Dog,strong_reference,combined,85,100,1.1764705882352942,0.5021727722167969,0.4811349487304687,0.298013916015625,0.7090580749511719,0.581640625,0.861328125,0.7191863236560463,6.0,33.0,61.0,47.0,9.411764705882353,77.0,12.0,11.0,
Wolf,strong_reference,train,70,74,1.0571428571428572,0.853407526789485,0.8880487060546876,0.8261297607421875,0.9535466003417968,0.929296875,0.975,0.9698195318646735,2.7027027027027026,1.3513513513513513,95.94594594594595,72.97297297297297,5.714285714285714,89.1891891891892,10.81081081081081,0.0,
Wolf,strong_reference,valid,14,14,1.0,0.9076775687081474,0.9184259033203125,0.8659567260742188,0.9947265625,0.96640625,0.971875,1.0,0.0,0.0,100.0,71.42857142857143,0.0,100.0,0.0,0.0,
Wolf,strong_reference,combined,84,88,1.0476190476190477,0.8620413970947266,0.892120361328125,0.8321490478515625,0.9611328125,0.9339843750000001,0.975,0.9871650192202086,2.272727272727273,1.1363636363636365,96.5909090909091,72.72727272727273,4.761904761904762,90.9090909090909,9.090909090909092,0.0,
Rhino,strong_reference,train,70,98,1.4,0.399689094387755,0.36030609130859376,0.22408523559570315,0.564917449951172,0.568359375,0.6871093749999999,0.9021106759201998,7.142857142857143,47.95918367346939,44.89795918367347,21.428571428571427,37.142857142857146,44.89795918367347,51.02040816326531,4.081632653061225,
Rhino,strong_reference,valid,15,19,1.2666666666666666,0.4264377312911184,0.41507934570312505,0.309324951171875,0.5688894653320313,0.72265625,0.59609375,1.1694058154235145,5.2631578947368425,42.10526315789474,52.63157894736842,10.526315789473685,26.666666666666668,57.89473684210526,42.10526315789474,0.0,
Rhino,strong_reference,combined,85,117,1.3764705882352941,0.40403289012419863,0.38052368164062506,0.2250360107421875,0.5695477294921876,0.6015625,0.6609375,0.9322344322344321,6.837606837606837,47.00854700854701,46.15384615384615,19.65811965811966,35.294117647058826,47.00854700854701,49.572649572649574,3.4188034188034186,boundary_touch_delta_ge_10pp
Lion,strong_reference,train,70,81,1.1571428571428573,0.5240030170958719,0.5370538330078125,0.29089477539062497,0.7406250000000001,0.7078125,0.8328125,0.9604051565377533,11.11111111111111,22.22222222222222,66.66666666666667,51.851851851851855,11.428571428571429,76.54320987654322,17.28395061728395,6.172839506172839,
Lion,strong_reference,valid,15,15,1.0,0.7335948486328124,0.7242919921875,0.5717950439453126,0.9173699951171875,0.82109375,0.971875,0.971875,0.0,6.666666666666667,93.33333333333333,73.33333333333333,0.0,100.0,0.0,0.0,
Lion,strong_reference,combined,85,96,1.1294117647058823,0.5567517407735189,0.5873883056640625,0.3263456726074219,0.76320068359375,0.726171875,0.8453125,0.9616267268756878,9.375,19.791666666666668,70.83333333333333,55.208333333333336,9.411764705882353,80.20833333333333,14.583333333333334,5.208333333333333,median_area_abs_delta_ge_0.10;boundary_touch_delta_ge_10pp
Deer,confusion_context,train,70,83,1.1857142857142857,0.4579104062735316,0.436527099609375,0.289713134765625,0.6213995361328125,0.5359375,0.85,0.7072892938496583,2.4096385542168677,40.963855421686745,56.626506024096386,34.93975903614458,15.714285714285714,71.08433734939759,28.91566265060241,0.0,
Deer,confusion_context,valid,15,15,1.0,0.596258544921875,0.6153735351562499,0.5546527099609375,0.6762286376953125,0.66875,0.86875,0.7673216132368149,0.0,6.666666666666667,93.33333333333333,46.666666666666664,0.0,100.0,0.0,0.0,
Deer,confusion_context,combined,85,98,1.1529411764705881,0.47908614178093106,0.490625,0.33128814697265624,0.635614013671875,0.58125,0.854296875,0.7299184737626221,2.0408163265306123,35.714285714285715,62.244897959183675,36.734693877551024,12.941176470588236,75.51020408163265,24.489795918367346,0.0,median_area_abs_delta_ge_0.10;boundary_touch_delta_ge_10pp
